sample_name	shannon
11712.SUBJECT12.STOOL.96	1.141155432621569
11712.SUBJECT40.SKIN.905	1.3236493277909058
11712.SUBJECT30.SKIN.663	1.0528195651612908
11712.SUBJECT14.STOOL.141	0.3763104027813351
11712.SUBJECT24.SKIN.517	1.7153135609271633
11712.SUBJECT23.SKIN.496	1.0385455371609142
11712.SUBJECT13.STOOL.114	1.085508742023187
11712.SUBJECT18.ORAL.272	0.9516308853745084
11712.SUBJECT6.ORAL.1090	0.3271585729621732
11712.SUBJECT42.SKIN.1003	1.0653539272604642
11712.SUBJECT27.STOOL.582	0.06964108785984822
11712.SUBJECT30.STOOL.688	6.8827452960378706
11712.SUBJECT20.STOOL.426	0.8499648955965272
11712.SUBJECT21.ORAL.441	1.1715814533235458
11712.SUBJECT30.ORAL.646	0.5398290258606717
11712.SUBJECT8.SKIN.1148	0.7098829730684872
11712.SUBJECT24.ORAL.511	0.9901621725719424
11712.SUBJECT41.STOOL.963	-0.0
11712.SUBJECT30.ORAL.641	0.1421921402814557
11712.SUBJECT41.ORAL.937	1.4436836946990288
11712.SUBJECT20.STOOL.421	7.170757310215514
11712.SUBJECT28.SKIN.598	2.3266678772823597
11712.SUBJECT9.STOOL.1207	1.8794307857153625
11712.SUBJECT14.ORAL.121	1.1286546094235823
11712.SUBJECT43.STOOL.1066	0.046910072701827885
11712.SUBJECT23.STOOL.500	6.4580661250401
11712.SUBJECT42.SKIN.1004	0.9260715470413754
11712.SUBJECT21.SKIN.447	5.051278883973208
11712.SUBJECT18.ORAL.275	1.1673912888988047
11712.SUBJECT23.SKIN.491	1.1135744934584657
11712.SUBJECT30.SKIN.664	1.41380047989019
11712.SUBJECT12.SKIN.80	0.8488743104299916
11712.SUBJECT1.STOOL.26	1.0112755594656295
11712.SUBJECT11.ORAL.56	0.1031478347458419
11712.SUBJECT39.ORAL.830	1.9462514020960684
11712.SUBJECT25.SKIN.541	1.2873625988524828
11712.SUBJECT17.STOOL.260	0.5925474659166698
11712.SUBJECT10.STOOL.49	0.5501829753949125
11712.SUBJECT35.ORAL.757	1.2467683452449496
11712.SUBJECT31.STOOL.705	0.4857457870926204
11712.SUBJECT20.ORAL.392	2.5940739609172363
11712.SUBJECT2.STOOL.390	1.5129510032474422
11712.SUBJECT29.SKIN.615	4.8810003414092655
11712.SUBJECT1.SKIN.12	4.031113403182377
11712.SUBJECT13.SKIN.111	4.973704686585003
11712.SUBJECT4.STOOL.863	2.7797951054798884
11712.SUBJECT21.SKIN.449	4.906343261420808
11712.SUBJECT10.ORAL.34	1.712019014458135
11712.SUBJECT41.SKIN.953	1.4973285382314376
11712.SUBJECT30.STOOL.681	1.9917904895832836
11712.SUBJECT28.SKIN.596	1.3984884518504808
11712.SUBJECT41.ORAL.939	1.8115213882602468
11712.SUBJECT13.ORAL.110	1.0244415248093863
11712.SUBJECT8.SKIN.1146	3.111377202207513
11712.SUBJECT30.ORAL.648	1.3794619250989597
11712.SUBJECT42.ORAL.993	6.169128410090607
11712.SUBJECT28.ORAL.590	0.8614266796862925
11712.SUBJECT41.SKIN.954	4.046089062713934
11712.SUBJECT14.SKIN.129	0.9578457819067724
11712.SUBJECT10.ORAL.33	0.7506566612239092
11712.SUBJECT4.STOOL.864	1.07760841632802
11712.SUBJECT24.SKIN.519	1.1753404512034744
11712.SUBJECT1.SKIN.15	0.21841042868213886
11712.SUBJECT29.SKIN.612	2.8377404181067463
11712.SUBJECT17.ORAL.216	2.600988151818191
11712.SUBJECT36.STOOL.785	0.09007993718240496
11712.SUBJECT4.SKIN.850	4.247004063575831
11712.SUBJECT31.STOOL.702	2.993720262296674
11712.SUBJECT20.ORAL.395	1.1341165013400707
11712.SUBJECT12.STOOL.98	0.7482945192858184
11712.SUBJECT20.SKIN.411	2.1226931059386955
11712.SUBJECT34.SKIN.741	0.9503401865284736
11712.SUBJECT11.STOOL.62	0.8295714033496461
11712.SUBJECT5.ORAL.1084	1.57386697737547
11712.SUBJECT14.SKIN.131	0.14302661189141336
11712.SUBJECT28.ORAL.588	1.7532085633051195
11712.SUBJECT18.SKIN.293	0.9475400681107784
11712.SUBJECT1.ORAL.2	3.282165048368786
11712.SUBJECT3.STOOL.639	0.9397412032233512
11712.SUBJECT38.SKIN.814	0.26670675056552595
11712.SUBJECT31.ORAL.692	1.2240657760360203
11712.SUBJECT43.SKIN.1044	0.08122144870003131
11712.SUBJECT9.SKIN.1192	4.209600610023422
11712.SUBJECT35.STOOL.769	1.165576808909318
11712.SUBJECT25.ORAL.534	0.2063859453024803
11712.SUBJECT34.ORAL.733	1.826322848085781
11712.SUBJECT21.STOOL.461	5.99168190374766
11712.SUBJECT18.STOOL.319	0.9436631450201084
11712.SUBJECT39.STOOL.839	1.2272564564395678
11712.SUBJECT27.SKIN.579	3.462755237068434
11712.SUBJECT34.ORAL.734	1.3590622183374659
11712.SUBJECT40.STOOL.924	0.9752958043944576
11712.SUBJECT25.ORAL.533	0.035929909255124313
11712.SUBJECT7.ORAL.1105	1.1171268023093146
11712.SUBJECT10.STOOL.51	1.7970949250847557
11712.SUBJECT30.SKIN.672	4.2854870314883975
11712.SUBJECT16.ORAL.158	0.09269448432644924
11712.SUBJECT9.STOOL.1211	0.28592434460565525
11712.SUBJECT30.ORAL.657	5.841375172189907
11712.SUBJECT38.SKIN.813	1.9063961881812457
11712.SUBJECT13.ORAL.108	5.116260734057515
11712.SUBJECT23.ORAL.486	2.124024883265085
11712.SUBJECT1.ORAL.5	0.07132982631875108
11712.SUBJECT42.STOOL.1021	1.8921577228422188
11712.SUBJECT38.ORAL.812	0.1456661017430485
11712.SUBJECT18.SKIN.294	0.053089309115473785
11712.SUBJECT5.ORAL.1083	3.951639928639555
11712.SUBJECT21.SKIN.451	0.0977676495619544
11712.SUBJECT30.SKIN.658	0.36297594374193176
11712.SUBJECT28.STOOL.604	1.0410383465334554
11712.SUBJECT6.STOOL.1097	1.44342135218928
11712.SUBJECT16.SKIN.173	0.5691093320231159
11712.SUBJECT24.ORAL.509	1.6086268489703277
11712.SUBJECT8.STOOL.1164	0.4684251606237673
11712.SUBJECT41.ORAL.944	4.143760216615736
11712.SUBJECT7.STOOL.1113	0.41707397311790695
11712.SUBJECT11.SKIN.60	0.14455534701072614
11712.SUBJECT27.ORAL.576	0.06186370774912765
11712.SUBJECT10.SKIN.43	0.4005518866126799
11712.SUBJECT36.ORAL.771	2.6864057136277237
11712.SUBJECT25.STOOL.553	1.392692043274562
11712.SUBJECT19.STOOL.365	2.5668097793651063
11712.SUBJECT6.SKIN.1096	1.0848369915356129
11712.SUBJECT24.STOOL.526	0.7260910159763848
11712.SUBJECT27.SKIN.577	4.7147088032125195
11712.SUBJECT39.STOOL.837	3.225735336101072
11712.SUBJECT18.STOOL.317	0.9216595055741844
11712.SUBJECT24.STOOL.521	5.917686906270165
11712.SUBJECT35.STOOL.767	0.7339704492459488
11712.SUBJECT10.SKIN.44	1.0377937281750658
11712.SUBJECT36.SKIN.781	1.9650413210650692
11712.SUBJECT15.ORAL.145	4.042410206842994
11712.SUBJECT7.STOOL.1114	1.236815404784796
11712.SUBJECT8.STOOL.1163	1.2678965120316117
11712.SUBJECT3.STOOL.637	1.555297176639025
11712.SUBJECT26.STOOL.572	2.0068753562031842
11712.SUBJECT16.SKIN.174	0.4724786088640367
11712.SUBJECT40.ORAL.886	0.11623713698468925
11712.SUBJECT22.ORAL.469	0.8268541491941742
11712.SUBJECT6.ORAL.1088	3.707263925484437
11712.SUBJECT9.ORAL.1173	1.6990772365577087
11712.SUBJECT35.SKIN.763	1.5696906374251118
11712.SUBJECT28.STOOL.603	1.114349965614429
11712.SUBJECT28.ORAL.586	0.0997967567733113
11712.SUBJECT17.SKIN.225	4.118368447286054
11712.SUBJECT12.STOOL.99	1.3551638996037192
11712.SUBJECT20.SKIN.410	1.4822013442695603
11712.SUBJECT34.SKIN.740	2.0831184489845915
11712.SUBJECT20.ORAL.394	0.6987794289045604
11712.SUBJECT31.STOOL.703	0.4298666502122242
11712.SUBJECT29.SKIN.613	3.0270128090429123
11712.SUBJECT3.SKIN.631	4.909992774453249
11712.SUBJECT8.STOOL.1150	1.1382049334062012
11712.SUBJECT17.ORAL.217	1.3435979838857384
11712.SUBJECT4.SKIN.851	5.196726030508659
11712.SUBJECT4.STOOL.865	0.890927806769875
11712.SUBJECT1.SKIN.14	2.495341612884084
11712.SUBJECT24.SKIN.518	1.952262268588545
11712.SUBJECT28.ORAL.591	1.3145920970769165
11712.SUBJECT10.ORAL.32	4.2343834130965465
11712.SUBJECT8.SKIN.1147	0.9845331061097252
11712.SUBJECT43.ORAL.1043	0.6246676710283201
11712.SUBJECT41.ORAL.938	1.5564271216807748
11712.SUBJECT30.STOOL.680	0.05628930911547378
11712.SUBJECT9.STOOL.1208	0.35027519412385305
11712.SUBJECT28.SKIN.597	2.1292724896706914
11712.SUBJECT32.STOOL.722	0.5047335463025884
11712.SUBJECT10.ORAL.35	0.9177749275215704
11712.SUBJECT26.ORAL.555	4.726145513124745
11712.SUBJECT42.SKIN.994	3.788055777190381
11712.SUBJECT41.SKIN.952	1.538534180705304
11712.SUBJECT8.ORAL.1116	1.8909539467695136
11712.SUBJECT1.SKIN.13	4.072716936602608
11712.SUBJECT4.STOOL.862	3.035772707804856
11712.SUBJECT12.SKIN.79	4.569111543594307
11712.SUBJECT4.SKIN.856	0.5072939683656412
11712.SUBJECT36.STOOL.783	1.3943731375133734
11712.SUBJECT35.ORAL.756	0.5670748911023039
11712.SUBJECT20.ORAL.393	0.009383864150778435
11712.SUBJECT31.STOOL.704	0.1225451871305512
11712.SUBJECT25.SKIN.540	1.0925431429251922
11712.SUBJECT10.STOOL.48	2.1953911223885583
11712.SUBJECT17.STOOL.261	1.097856262543588
11712.SUBJECT8.ORAL.1132	1.38788238078033
11712.SUBJECT40.SKIN.903	0.6908843751149397
11712.SUBJECT39.ORAL.831	1.9312418668300604
11712.SUBJECT35.SKIN.759	5.755099972675973
11712.SUBJECT30.SKIN.665	1.272914516267336
11712.SUBJECT12.SKIN.81	0.9988960290432926
11712.SUBJECT10.STOOL.46	4.243507309402678
11712.SUBJECT38.SKIN.820	1.1974129418961574
11712.SUBJECT35.ORAL.758	0.6001339462794216
11712.SUBJECT18.ORAL.274	0.9692337813060096
11712.SUBJECT38.ORAL.805	0.5362345776058811
11712.SUBJECT23.SKIN.490	0.9430343950480204
11712.SUBJECT23.STOOL.501	5.902516364417202
11712.SUBJECT42.SKIN.1005	2.17984338918123
11712.SUBJECT21.SKIN.446	4.9423770896323225
11712.SUBJECT20.STOOL.420	5.966237920047014
11712.SUBJECT28.SKIN.599	2.2235789736477303
11712.SUBJECT14.ORAL.120	0.8249207306939725
11712.SUBJECT43.ORAL.1026	0.4768944082840327
11712.SUBJECT24.ORAL.510	0.5203573892457777
11712.SUBJECT41.ORAL.936	1.4754071726803204
11712.SUBJECT41.ORAL.931	0.30580081467356685
11712.SUBJECT19.ORAL.340	0.5101909877866887
11712.SUBJECT30.ORAL.647	0.3512948712956804
11712.SUBJECT8.SKIN.1149	0.8254951706550644
11712.SUBJECT30.STOOL.689	6.160432161502693
11712.SUBJECT20.STOOL.427	1.44811035254249
11712.SUBJECT21.ORAL.440	4.37177019715112
11712.SUBJECT42.SKIN.1002	0.4801246833192859
11712.SUBJECT27.STOOL.583	1.5758991819436932
11712.SUBJECT24.SKIN.516	1.360201607761915
11712.SUBJECT22.ORAL.470	1.177571235793225
11712.SUBJECT18.ORAL.273	1.3891851714021566
11712.SUBJECT6.ORAL.1091	0.5585521554826676
11712.SUBJECT14.STOOL.140	1.6596728337999642
11712.SUBJECT9.SKIN.1185	3.4429527662232173
11712.SUBJECT12.STOOL.97	0.9190018701324616
11712.SUBJECT40.SKIN.904	0.7770094859968409
11712.SUBJECT17.SKIN.224	5.152326308627429
11712.SUBJECT28.ORAL.587	0.5194063601761928
11712.SUBJECT22.ORAL.468	0.1558053370033331
11712.SUBJECT6.ORAL.1089	0.31593829440357546
11712.SUBJECT9.ORAL.1172	0.224569079682544
11712.SUBJECT28.STOOL.602	1.1136841542712783
11712.SUBJECT35.SKIN.762	1.1691935871214605
11712.SUBJECT40.ORAL.887	0.2837095706176394
11712.SUBJECT7.STOOL.1115	0.8889756779212304
11712.SUBJECT8.STOOL.1162	0.009383864150778435
11712.SUBJECT36.SKIN.780	0.36831718910383
11712.SUBJECT26.ORAL.560	0.009383864150778435
11712.SUBJECT35.STOOL.766	1.5747880817146522
11712.SUBJECT3.ORAL.626	0.7080966528174913
11712.SUBJECT20.SKIN.406	2.586782246411821
11712.SUBJECT10.SKIN.45	0.9424020373055941
11712.SUBJECT26.SKIN.561	5.865192124572143
11712.SUBJECT37.ORAL.791	2.7098038357603187
11712.SUBJECT18.STOOL.316	0.9866488388902792
11712.SUBJECT32.ORAL.713	1.1949535509881055
11712.SUBJECT32.ORAL.714	1.3683070193412066
11712.SUBJECT24.STOOL.527	0.8308281124911637
11712.SUBJECT25.STOOL.552	1.3214062231298127
11712.SUBJECT26.SKIN.566	3.896542022344269
11712.SUBJECT19.STOOL.364	6.727642881420452
11712.SUBJECT2.STOOL.387	3.4015851630755134
11712.SUBJECT27.SKIN.580	0.4668756820470693
11712.SUBJECT10.SKIN.42	0.0797891495139442
11712.SUBJECT39.ORAL.829	3.196128971816532
11712.SUBJECT16.ORAL.157	3.9805715572273055
11712.SUBJECT8.STOOL.1165	1.3315782149621882
11712.SUBJECT12.ORAL.65	0.3287355735566533
11712.SUBJECT16.SKIN.172	4.060031715485001
11712.SUBJECT24.ORAL.508	0.8112443473148838
11712.SUBJECT28.STOOL.605	1.3849835055313051
11712.SUBJECT16.STOOL.191	0.8462454273316109
11712.SUBJECT31.ORAL.700	4.046949036184693
11712.SUBJECT18.SKIN.295	0.1810677034511328
11712.SUBJECT21.SKIN.450	2.5081547189580418
11712.SUBJECT1.ORAL.4	0.047001596735924335
11712.SUBJECT6.STOOL.1098	2.2395472033284527
11712.SUBJECT42.STOOL.1020	2.667998679067103
11712.SUBJECT13.ORAL.109	0.4750731137907875
11712.SUBJECT30.ORAL.656	5.870613730211103
11712.SUBJECT23.ORAL.487	0.4266633633274565
11712.SUBJECT8.SKIN.1133	1.0249456014690086
11712.SUBJECT9.STOOL.1210	0.9154730345646142
11712.SUBJECT10.STOOL.50	1.5586036869171818
11712.SUBJECT30.SKIN.673	1.8651373035402423
11712.SUBJECT16.ORAL.159	0.8682039791950379
11712.SUBJECT37.SKIN.799	0.8336526148666045
11712.SUBJECT7.ORAL.1104	1.6231530603218716
11712.SUBJECT40.STOOL.925	1.5829657009296865
11712.SUBJECT25.ORAL.532	0.13426059699507395
11712.SUBJECT27.SKIN.578	3.914600127342497
11712.SUBJECT38.STOOL.821	1.5083207043031386
11712.SUBJECT38.STOOL.826	2.4151734775836315
11712.SUBJECT34.ORAL.732	1.1775413387417235
11712.SUBJECT18.STOOL.318	0.9861586765743048
11712.SUBJECT32.STOOL.719	1.3825106898025368
11712.SUBJECT25.ORAL.535	0.06566761775085843
11712.SUBJECT40.STOOL.922	2.8524559911604683
11712.SUBJECT36.SKIN.778	3.5721882571523444
11712.SUBJECT20.SKIN.408	2.2079890319151856
11712.SUBJECT7.ORAL.1103	1.1603768993595
11712.SUBJECT35.STOOL.768	0.4263181113293748
11712.SUBJECT31.ORAL.693	1.4175215002310662
11712.SUBJECT30.SKIN.674	0.9249642344156296
11712.SUBJECT43.SKIN.1045	0.12817288461552442
11712.SUBJECT3.STOOL.638	1.4966426720232768
11712.SUBJECT38.SKIN.815	0.4765905319418218
11712.SUBJECT1.ORAL.3	0.009383864150778435
11712.SUBJECT43.STOOL.1080	2.457482558519018
11712.SUBJECT11.STOOL.63	2.0876503622662046
11712.SUBJECT14.SKIN.130	0.8347130749459913
11712.SUBJECT28.ORAL.589	0.7799211678880114
11712.SUBJECT9.ORAL.1171	5.444607263660044
11712.SUBJECT28.STOOL.601	0.03752990925512431
11712.SUBJECT35.SKIN.761	0.5596233977160602
11712.SUBJECT17.SKIN.227	1.3651808136694523
11712.SUBJECT28.ORAL.584	6.278977345636929
11712.SUBJECT15.ORAL.147	1.5578531579538069
11712.SUBJECT42.ORAL.987	0.8895937584135937
11712.SUBJECT8.STOOL.1161	0.009383864150778435
11712.SUBJECT26.STOOL.570	1.919429664548767
11712.SUBJECT16.SKIN.176	1.9483883838033087
11712.SUBJECT29.ORAL.607	0.7264412273298974
11712.SUBJECT3.ORAL.625	0.13681918172227922
11712.SUBJECT36.ORAL.774	1.748359772046998
11712.SUBJECT4.ORAL.845	1.1942885745551521
11712.SUBJECT25.SKIN.539	1.8905718503560158
11712.SUBJECT27.ORAL.573	4.818597976000253
11712.SUBJECT24.STOOL.523	1.6369140539814608
11712.SUBJECT26.SKIN.562	5.252691260828807
11712.SUBJECT37.ORAL.792	0.009383864150778435
11712.SUBJECT25.STOOL.551	1.520789395210555
11712.SUBJECT19.STOOL.367	0.5398835446172912
11712.SUBJECT26.SKIN.565	1.6493561369244296
11712.SUBJECT24.STOOL.524	1.1399231937824488
11712.SUBJECT34.SKIN.739	2.4726115155128747
11712.SUBJECT32.SKIN.716	1.3524049187948015
11712.SUBJECT27.ORAL.574	2.2319835995956536
11712.SUBJECT10.SKIN.41	0.08679305951567498
11712.SUBJECT4.ORAL.842	1.5015804087070364
11712.SUBJECT12.ORAL.66	0.8971391951943469
11712.SUBJECT41.ORAL.946	0.6549344046539599
11712.SUBJECT19.ORAL.337	0.26967253392222257
11712.SUBJECT7.SKIN.1110	0.18605828173958694
11712.SUBJECT41.SKIN.947	0.06246761775085843
11712.SUBJECT18.SKIN.298	1.451887921184433
11712.SUBJECT28.STOOL.606	1.5779671227552543
11712.SUBJECT16.STOOL.192	0.9448243896098736
11712.SUBJECT17.STOOL.250	1.121495634806875
11712.SUBJECT29.STOOL.618	1.263551504427032
11712.SUBJECT1.ORAL.7	0.3414274635540049
11712.SUBJECT19.SKIN.353	2.197223848488353
11712.SUBJECT18.SKIN.296	0.6378738275086387
11712.SUBJECT21.SKIN.453	0.9617728936117532
11712.SUBJECT33.STOOL.727	1.6359519793409247
11712.SUBJECT19.ORAL.339	0.8912373029740153
11712.SUBJECT30.ORAL.655	5.440897453223723
11712.SUBJECT23.ORAL.484	1.1022316236207494
11712.SUBJECT12.ORAL.68	1.7242892380707395
11712.SUBJECT6.STOOL.1101	0.42053317458941947
11712.SUBJECT24.SKIN.520	1.3997636702496057
11712.SUBJECT34.SKIN.737	2.2524969005863307
11712.SUBJECT32.SKIN.718	3.653491951473944
11712.SUBJECT38.STOOL.822	0.5350346353032023
11712.SUBJECT25.ORAL.531	0.009383864150778435
11712.SUBJECT14.STOOL.139	0.2337347939277369
11712.SUBJECT19.STOOL.369	1.0284751589571417
11712.SUBJECT40.STOOL.921	0.8927122202684252
11712.SUBJECT34.ORAL.731	0.3092491248423217
11712.SUBJECT21.STOOL.463	-0.0
11712.SUBJECT31.ORAL.690	0.8202873036100138
11712.SUBJECT43.SKIN.1046	0.7245930699691092
11712.SUBJECT9.SKIN.1190	1.0697702616965603
11712.SUBJECT25.SKIN.537	4.784659182577621
11712.SUBJECT29.ORAL.609	5.932056517417021
11712.SUBJECT23.ORAL.483	1.198362586049644
11712.SUBJECT38.SKIN.816	2.160426272583345
11712.SUBJECT41.STOOL.970	0.024344909517639703
11712.SUBJECT34.STOOL.751	0.6522014361758375
11712.SUBJECT14.SKIN.133	0.3417952892196164
11712.SUBJECT18.SKIN.291	2.1379001982127277
11712.SUBJECT17.SKIN.229	0.9181253926862863
11712.SUBJECT43.SKIN.1062	0.3394567535710689
11712.SUBJECT19.SKIN.354	0.7955951397888442
11712.SUBJECT42.STOOL.1018	1.8731939694390451
11712.SUBJECT25.SKIN.544	1.7577144725141431
11712.SUBJECT9.SKIN.1188	0.821156733874814
11712.SUBJECT29.ORAL.611	1.06293554492184
11712.SUBJECT22.STOOL.479	0.2550150611041708
11712.SUBJECT36.STOOL.787	0.9502409886196732
11712.SUBJECT20.ORAL.397	1.3448706291634147
11712.SUBJECT34.ORAL.729	0.3832117822902633
11712.SUBJECT15.SKIN.150	3.2425612193940183
11712.SUBJECT34.STOOL.749	0.8911824089179955
11712.SUBJECT4.STOOL.866	0.7173150419551813
11712.SUBJECT9.ORAL.1167	3.1576194867627065
11712.SUBJECT1.SKIN.17	1.9129228342873572
11712.SUBJECT8.SKIN.1144	2.206826037343561
11712.SUBJECT41.STOOL.968	0.018766804237380717
11712.SUBJECT42.ORAL.991	0.7847170039401635
11712.SUBJECT28.SKIN.593	3.9039196120943664
11712.SUBJECT28.SKIN.594	1.5984786079693891
11712.SUBJECT18.STOOL.320	1.7094412564758872
11712.SUBJECT21.STOOL.458	0.03112990925512431
11712.SUBJECT12.ORAL.70	1.5210075557545537
11712.SUBJECT8.SKIN.1143	4.299793887795406
11712.SUBJECT38.ORAL.808	1.548547166321158
11712.SUBJECT13.SKIN.113	0.23223779869425426
11712.SUBJECT30.STOOL.675	0.1109452180876418
11712.SUBJECT10.ORAL.36	1.604118565656304
11712.SUBJECT26.ORAL.556	5.930351291400123
11712.SUBJECT35.ORAL.755	0.5324109223435225
11712.SUBJECT19.STOOL.371	1.6903977777418278
11712.SUBJECT25.STOOL.547	2.9824796491950503
11712.SUBJECT25.ORAL.529	5.765012165442388
11712.SUBJECT4.SKIN.855	0.5660083684305861
11712.SUBJECT8.ORAL.1131	0.4105797933974313
11712.SUBJECT25.SKIN.543	1.705276235331853
11712.SUBJECT12.SKIN.82	1.1264762814201597
11712.SUBJECT23.STOOL.498	7.496530057883447
11712.SUBJECT1.STOOL.24	1.5158281711612138
11712.SUBJECT25.STOOL.549	1.0861555041608215
11712.SUBJECT23.STOOL.502	1.1661975918971323
11712.SUBJECT17.SKIN.238	0.9663895985948576
11712.SUBJECT42.SKIN.1006	1.0726207004395591
11712.SUBJECT26.ORAL.558	0.8430782182063683
11712.SUBJECT2.ORAL.382	2.164947978829216
11712.SUBJECT38.ORAL.806	0.21094365221931366
11712.SUBJECT23.SKIN.493	0.8951398563412754
11712.SUBJECT24.ORAL.513	0.419559016669446
11712.SUBJECT21.STOOL.456	4.880577758545682
11712.SUBJECT22.SKIN.475	2.648122696697923
11712.SUBJECT20.STOOL.423	0.8736235685299768
11712.SUBJECT14.ORAL.123	1.27915316069148
11712.SUBJECT9.STOOL.1205	1.6993609225302309
11712.SUBJECT43.STOOL.1064	0.06406761775085842
11712.SUBJECT43.ORAL.1025	1.852764788099656
11712.SUBJECT2.SKIN.384	4.475680567576996
11712.SUBJECT21.ORAL.443	1.15065851640305
11712.SUBJECT20.STOOL.424	0.24055008631470484
11712.SUBJECT22.SKIN.472	2.540555973681246
11712.SUBJECT26.STOOL.568	0.07504499786157902
11712.SUBJECT23.SKIN.494	1.0315127402873712
11712.SUBJECT24.SKIN.515	4.3922037152315845
11712.SUBJECT9.ORAL.1169	3.9947926846417863
11712.SUBJECT13.STOOL.116	1.3941328087571545
11712.SUBJECT18.ORAL.270	0.7117179950950768
11712.SUBJECT42.SKIN.1001	0.8953549161988646
11712.SUBJECT23.STOOL.505	1.6422014934022542
11712.SUBJECT22.STOOL.477	7.648274600086312
11712.SUBJECT9.SKIN.1186	4.104451636469997
11712.SUBJECT12.STOOL.94	2.07384336315767
11712.SUBJECT40.SKIN.907	0.961733108377922
11712.SUBJECT1.STOOL.23	0.17876322351107074
11712.SUBJECT12.SKIN.85	2.0895267125368684
11712.SUBJECT42.STOOL.1016	1.6741958006954611
11712.SUBJECT43.SKIN.1063	0.1928981163286613
11712.SUBJECT19.SKIN.355	0.11048973755760384
11712.SUBJECT43.STOOL.1082	2.7909406263142778
11712.SUBJECT15.SKIN.149	1.6474549353336814
11712.SUBJECT34.STOOL.750	0.4601619715586732
11712.SUBJECT11.STOOL.61	4.348179576872637
11712.SUBJECT14.SKIN.132	0.5612941941262747
11712.SUBJECT17.SKIN.228	0.4630516415405814
11712.SUBJECT42.ORAL.988	1.0082830627481012
11712.SUBJECT23.ORAL.482	3.0561126361443463
11712.SUBJECT38.SKIN.817	1.0014557183783377
11712.SUBJECT41.STOOL.971	0.09374251957773498
11712.SUBJECT9.SKIN.1191	1.3208658191146707
11712.SUBJECT29.ORAL.608	5.806349135887383
11712.SUBJECT31.ORAL.691	0.5247090802339923
11712.SUBJECT38.STOOL.824	0.5905812056440584
11712.SUBJECT34.ORAL.730	1.8220268226310237
11712.SUBJECT21.STOOL.462	0.028148819519370483
11712.SUBJECT25.ORAL.530	0.4391826037380925
11712.SUBJECT40.STOOL.927	0.2156623069375958
11712.SUBJECT14.STOOL.138	0.23347884201815866
11712.SUBJECT19.STOOL.368	0.2492241137689581
11712.SUBJECT38.STOOL.823	0.4698689611054854
11712.SUBJECT10.STOOL.52	1.1927060157345255
11712.SUBJECT30.SKIN.671	4.815088530143856
11712.SUBJECT7.ORAL.1106	2.0016084630446054
11712.SUBJECT6.STOOL.1100	0.06263717785811745
11712.SUBJECT30.ORAL.654	6.198689772926646
11712.SUBJECT23.ORAL.485	0.993605933972667
11712.SUBJECT12.ORAL.69	1.4931796274850522
11712.SUBJECT19.ORAL.338	0.4058058413946594
11712.SUBJECT9.STOOL.1212	0.15193077176982506
11712.SUBJECT18.SKIN.297	0.05468930911547379
11712.SUBJECT21.SKIN.452	1.183234636505934
11712.SUBJECT19.SKIN.352	1.828599697687868
11712.SUBJECT1.ORAL.6	0.5477882949329047
11712.SUBJECT29.STOOL.617	2.014012803729305
11712.SUBJECT38.ORAL.811	1.4917951469896256
11712.SUBJECT16.STOOL.193	1.9603995924363593
11712.SUBJECT17.STOOL.251	0.9617702379214884
11712.SUBJECT29.STOOL.619	0.9543053143046212
11712.SUBJECT19.ORAL.336	0.3394306671815157
11712.SUBJECT33.STOOL.728	1.71769529873002
11712.SUBJECT12.ORAL.67	1.3688704326150631
11712.SUBJECT21.ORAL.436	6.09332706492821
11712.SUBJECT41.STOOL.978	0.009383864150778435
11712.SUBJECT8.ORAL.1126	1.9631788890548525
11712.SUBJECT4.ORAL.843	1.6424715495621165
11712.SUBJECT41.SKIN.962	0.1015715595636852
11712.SUBJECT3.ORAL.623	0.018766804237380717
11712.SUBJECT31.ORAL.698	1.491822002546059
11712.SUBJECT34.SKIN.738	0.5339318760710554
11712.SUBJECT32.SKIN.717	1.9109804836277704
11712.SUBJECT27.ORAL.575	4.205610849698788
11712.SUBJECT6.SKIN.1095	6.509299483347082
11712.SUBJECT37.STOOL.803	1.1650489848185426
11712.SUBJECT24.STOOL.525	0.2361619413517119
11712.SUBJECT31.STOOL.710	2.9774340420235705
11712.SUBJECT25.STOOL.550	1.5533100240723865
11712.SUBJECT19.STOOL.366	0.23127038398134336
11712.SUBJECT14.STOOL.136	2.8762963340050303
11712.SUBJECT14.ORAL.119	1.0474077683449894
11712.SUBJECT26.SKIN.563	4.918474778998309
11712.SUBJECT37.ORAL.793	0.037622360322278434
11712.SUBJECT32.ORAL.711	3.5297184836475783
11712.SUBJECT24.STOOL.522	6.845331231413763
11712.SUBJECT37.STOOL.804	0.8734490440273638
11712.SUBJECT6.SKIN.1092	2.3027271902937576
11712.SUBJECT3.ORAL.624	0.03372599925339353
11712.SUBJECT35.STOOL.764	0.8303792241745511
11712.SUBJECT36.ORAL.775	2.294613913821709
11712.SUBJECT4.ORAL.844	1.3591938584455363
11712.SUBJECT25.SKIN.538	1.0779387690372295
11712.SUBJECT26.STOOL.571	1.5757148916962125
11712.SUBJECT16.SKIN.177	1.6755584984950658
11712.SUBJECT40.ORAL.885	1.2063818060346192
11712.SUBJECT15.ORAL.146	3.1116962551402563
11712.SUBJECT42.ORAL.986	1.0108841515424092
11712.SUBJECT8.STOOL.1160	1.462072549493004
11712.SUBJECT28.ORAL.585	5.196734533512113
11712.SUBJECT17.SKIN.226	4.014941785489049
11712.SUBJECT16.STOOL.194	2.1307440241207027
11712.SUBJECT9.ORAL.1170	2.808525020670771
11712.SUBJECT35.SKIN.760	0.45057474780971296
11712.SUBJECT28.STOOL.600	0.018766804237380717
11712.SUBJECT12.SKIN.84	0.5898121808623613
11712.SUBJECT42.STOOL.1017	1.4877277878266657
11712.SUBJECT9.SKIN.1187	4.216709744894386
11712.SUBJECT12.STOOL.95	1.3727096800089775
11712.SUBJECT40.SKIN.906	0.9488691268207622
11712.SUBJECT22.STOOL.476	5.783425395452403
11712.SUBJECT39.SKIN.835	2.5708448304612417
11712.SUBJECT14.STOOL.142	1.09967382346001
11712.SUBJECT34.STOOL.746	0.4974598202462104
11712.SUBJECT23.STOOL.504	1.6775429635479415
11712.SUBJECT27.STOOL.581	6.6166926667460775
11712.SUBJECT23.SKIN.495	1.0104202654847405
11712.SUBJECT24.SKIN.514	2.315414207708976
11712.SUBJECT9.ORAL.1168	4.229670317464252
11712.SUBJECT11.SKIN.58	5.137301679295026
11712.SUBJECT22.SKIN.473	2.120849419479311
11712.SUBJECT26.STOOL.569	0.018766804237380717
11712.SUBJECT21.ORAL.442	1.237773438221657
11712.SUBJECT2.SKIN.385	4.684517103128083
11712.SUBJECT20.STOOL.425	1.0940925799704897
11712.SUBJECT20.STOOL.422	6.500628525770044
11712.SUBJECT14.ORAL.122	0.4812269634001055
11712.SUBJECT43.STOOL.1065	7.502312132132827
11712.SUBJECT43.ORAL.1024	0.786953015054406
11712.SUBJECT24.ORAL.512	1.241748704415358
11712.SUBJECT22.SKIN.474	2.093607869195227
11712.SUBJECT21.STOOL.457	-0.0
11712.SUBJECT18.ORAL.276	1.2273502559294858
11712.SUBJECT38.ORAL.807	0.5249749929649066
11712.SUBJECT23.SKIN.492	1.9608515301908058
11712.SUBJECT17.STOOL.249	1.0827699826606996
11712.SUBJECT23.STOOL.503	1.7011262022887514
11712.SUBJECT17.SKIN.239	1.5309391603033244
11712.SUBJECT26.ORAL.559	0.21155227651980016
11712.SUBJECT25.STOOL.548	0.6819507329356455
11712.SUBJECT11.ORAL.55	1.19621927659349
11712.SUBJECT42.STOOL.1010	2.484168801768495
11712.SUBJECT23.STOOL.499	6.603835172080122
11712.SUBJECT12.SKIN.83	0.4722737762229541
11712.SUBJECT1.STOOL.25	0.6601690379966901
11712.SUBJECT25.SKIN.542	1.1226306846087797
11712.SUBJECT8.ORAL.1130	0.3877718403796993
11712.SUBJECT19.STOOL.370	1.0932009306358446
11712.SUBJECT25.STOOL.546	6.37895831761
11712.SUBJECT4.SKIN.854	0.6999900838758532
11712.SUBJECT29.SKIN.616	0.12405668699334313
11712.SUBJECT3.SKIN.634	1.4611032761398188
11712.SUBJECT35.ORAL.754	0.052485399113742996
11712.SUBJECT20.ORAL.391	4.0921818420576335
11712.SUBJECT26.ORAL.557	6.022416261744716
11712.SUBJECT10.ORAL.37	1.6381750780674127
11712.SUBJECT12.STOOL.100	0.9356189401781164
11712.SUBJECT13.SKIN.112	2.591876523276582
11712.SUBJECT38.ORAL.809	1.848395330219744
11712.SUBJECT30.STOOL.682	2.1957600415203924
11712.SUBJECT28.SKIN.595	1.6391573463864333
11712.SUBJECT42.ORAL.990	0.9227087110773392
11712.SUBJECT8.SKIN.1145	4.704639405748393
11712.SUBJECT26.STOOL.567	6.596527190439362
11712.SUBJECT41.STOOL.969	0.05325979774739687
11712.SUBJECT16.ORAL.160	0.4721839752555224
11712.SUBJECT4.STOOL.867	0.991179120334598
11712.SUBJECT9.ORAL.1166	2.996052936093157
11712.SUBJECT1.SKIN.16	1.3027161220840284
11712.SUBJECT34.STOOL.748	1.121554745626549
11712.SUBJECT20.ORAL.396	0.7619555668161937
11712.SUBJECT3.SKIN.633	1.0525769717035147
11712.SUBJECT22.STOOL.478	7.359410736242165
11712.SUBJECT36.STOOL.786	0.06743717785811745
11712.SUBJECT5.SKIN.1086	0.9920675144756426
11712.SUBJECT40.SKIN.908	0.4198643659052219
11712.SUBJECT9.SKIN.1189	1.5139524817726535
11712.SUBJECT34.SKIN.742	2.074978105272383
11712.SUBJECT29.ORAL.610	5.209553913702346
11712.SUBJECT42.STOOL.1019	2.5024048586629246
11713.10.S.10B	3.2297143013180767
11713.5.S.5C	0.3807167756725333
11713.15.F.15A	4.890914830307028
11713.1.S.1F	1.1732075173051275
11713.10.O.10C	0.1802621917413178
11713.18.F.18F	0.017166804237380713
11713.25.S.25D	0.4501719376697795
11713.4.O.4C	0.1125452180876418
11713.25.O.25E	6.233296962293041
11713.1.F.1E	0.5516524365537725
11713.16.F.16D	4.516408930440768
11713.16.F.16C	4.99047552449989
11713.1.F.1B	5.579015702772463
11713.4.O.4D	0.1484305218931441
11713.25.S.25C	0.2520192950967265
11713.18.F.18A	0.046910072701827885
11713.10.O.10D	1.9545983104231437
11713.15.F.15F	0.6948771180015643
11713.5.S.5D	0.10471431279850492
11713.10.S.10E	0.3830292960616398
11713.15.S.15C	0.8565498836825991
11713.8.O.8E	3.71279569110073
11713.15.O.15B	5.3079164606832165
11713.20.S.20E	0.4060073366560961
11713.16.S.16F	3.261713999511662
11713.18.S.18D	0.7688241263324385
11713.16.O.16G	2.574354028877876
11713.13.F.13E	4.814023898689041
11713.25.F.25A	0.4696444113219997
11713.13.F.13B	5.140740213986015
11713.18.S.18C	2.663318012769172
11713.20.O.20C	5.603233896166109
11713.20.S.20B	5.2175546451845465
11713.8.O.8B	5.115683004341986
11713.15.S.15D	1.66027481370964
11713.8.F.8C	5.59954800094814
11713.14.O.14C	0.5499814789473985
11713.11.F.11A	4.261021638470602
11713.14.S.14B	0.9008994819641368
11713.12.F.12D	1.263652631034892
11713.17.O.17F	5.025011929260999
11713.21.O.21E	4.6067555706296455
11713.17.S.17G	0.41221161741253737
11713.21.S.21C	1.8863278204595608
11713.21.O.21B	5.7845844169221285
11713.8.S.8G	0.04531007270182789
11713.17.O.17A	4.629850238656119
11713.12.F.12C	1.1959849963962863
11713.22.S.22F	1.1838006342903031
11713.11.F.11F	0.17398501007641926
11713.14.O.14D	-0.0
11713.8.F.8D	5.8123284922066825
11713.11.O.11B	3.961438312524667
11713.22.F.22C	4.658305251778617
11713.4.S.4F	0.397218277334788
11713.11.S.11C	0.1414266118914134
11713.4.F.4E	1.4346191002005102
11713.17.F.17E	4.13286285684016
11713.1.O.1C	3.950077341133656
11713.12.S.12F	1.9019600997643875
11713.5.O.5F	0.5294046166532168
11713.12.S.12A	3.71602814087435
11713.21.F.21A	5.271508705412566
11713.17.F.17B	5.0296902378920905
11713.4.F.4B	4.6213575241143445
11713.11.S.11D	0.035929909255124313
11713.4.S.4A	5.3218945158138045
11713.22.F.22D	0.046910072701827885
11713.11.O.11E	4.5792783543566005
11713.15.S.15E	0.1523956014927581
11713.8.O.8C	5.2356775678552125
11713.15.O.15D	4.538234955225684
11713.20.S.20C	0.2635109174780068
11713.16.O.16A	5.4055796239583564
11713.18.S.18B	0.5103952962965179
11713.13.F.13C	4.640685306978504
11713.13.F.13D	4.433794396987672
11713.20.O.20E	5.8618458250347105
11713.18.S.18E	0.9278356748493058
11713.16.O.16F	0.3088237712304696
11713.20.S.20D	0.15399560149275812
11713.16.S.16G	4.045070310806231
11713.15.O.15C	7.432347297150032
11713.8.O.8D	4.8626561657149265
11713.10.F.10A	4.685202908854866
11713.15.S.15B	4.263705793336747
11713.10.S.10D	0.5108803773097289
11713.5.S.5E	0.4125600789584763
11713.10.O.10E	0.06964108785984822
11713.4.O.4E	0.22426647397961252
11713.1.F.1C	1.5952027273506322
11713.16.F.16E	4.347812070374024
11713.4.O.4B	0.7552806738798934
11713.25.S.25E	0.08122144870003131
11713.18.F.18G	0.4030423970728124
11713.5.F.5A	1.6550995783738576
11713.10.O.10B	4.7185797437287835
11713.1.S.1G	1.2650199597977518
11713.5.S.5B	3.9228973937254463
11713.10.S.10C	1.2489066719364113
11713.11.O.11D	0.06406761775085842
11713.22.F.22E	0.1085140343351031
11713.11.S.11E	0.21374226631124327
11713.4.F.4C	1.7395323433404526
11713.12.O.12A	5.392411227726353
11713.1.O.1E	3.0245699557078702
11713.12.O.12F	0.3239252515837573
11713.4.F.4D	1.4210466442618237
11713.11.S.11B	0.06406761775085842
11713.4.S.4G	0.4889990862814672
11713.14.F.14A	3.9492247609249866
11713.11.O.11C	0.5409766803630592
11713.22.O.22F	-0.0
11713.8.F.8E	1.4616155272864462
11713.14.S.14D	4.532606857761448
11713.12.F.12B	0.4142783702841527
11713.21.O.21C	0.5609239200404125
11713.8.S.8F	0.2133059363321229
11713.21.S.21B	5.172568312966155
11713.17.S.17F	0.2682799896043524
11713.21.S.21E	0.5351828843093954
11713.3.F.3A	1.6376800086260346
11713.17.O.17G	0.20446847414198147
11713.8.S.8A	1.6112791619851556
11713.21.O.21D	1.4251439828973165
11713.12.F.12E	1.1911217736818167
11713.3.S.3B	4.637242672189057
11713.14.S.14C	0.43581409324931736
11713.8.F.8B	5.774683884623145
11713.14.O.14B	0.07482144870003131
11713.4.S.4C	1.3859890765054428
11713.11.S.11F	1.216854242154935
11713.12.O.12B	5.484929605403138
11713.1.O.1F	0.9294057434719288
11713.21.F.21C	0.8943324660494999
11713.5.O.5C	2.7975243395709084
11713.12.S.12C	1.720888793138934
11713.12.S.12D	1.8986685812706297
11713.5.O.5D	0.18285828173958696
11713.21.F.21D	-0.0
11713.12.O.12E	0.193611666759472
11713.11.S.11A	4.668926511006465
11713.22.F.22A	6.595571627390295
11713.4.S.4D	1.9279222694974176
11713.14.F.14B	2.456802251560469
11713.11.F.11D	4.715058726072166
11713.22.O.22E	0.9656416143904656
11713.8.F.8F	0.5311526050573879
11713.22.S.22D	0.9277456230570468
11713.17.O.17C	5.114629908929755
11713.8.S.8E	0.2222143386838696
11713.12.F.12A	0.5734539012063801
11713.21.S.21A	5.0940667768322045
11713.17.S.17B	4.615146651583281
11713.17.S.17E	0.9400795167236438
11713.21.S.21F	0.34287910412558376
11713.3.F.3B	4.5920474681430585
11713.8.S.8B	0.009383864150778435
11713.17.O.17D	4.9345696975324005
11713.22.S.22C	3.482783285724879
11713.3.S.3A	1.8331892984354323
11713.8.F.8A	4.73581708506586
11713.22.O.22B	5.830053258393903
11713.14.O.14A	0.009383864150778435
11713.11.F.11C	4.9776978337950375
11713.15.S.15F	0.2775268795181098
11713.10.F.10E	0.050885399113743006
11713.16.S.16C	5.414159073037336
11713.25.F.25C	0.4470070795538469
11713.16.O.16B	5.172037947847747
11713.18.S.18A	1.1931182026399882
11713.20.O.20F	0.33466746667664793
11713.18.S.18F	0.3721462530452504
11713.16.O.16E	4.882821874085075
11713.25.F.25D	0.30808836750486035
11713.3.O.3D	1.0779701154964412
11713.18.O.18G	0.4284302779219673
11713.16.S.16D	0.2218474606743042
11713.10.F.10B	3.942870291816102
11713.5.S.5F	0.5246235556260511
11713.1.S.1C	0.3448168785767489
11713.15.F.15D	0.9456434973164164
11713.13.S.13B	4.214709080732563
11713.5.F.5E	1.4466133404735273
11713.18.F.18C	1.109220132354485
11713.16.F.16A	4.723683372785216
11713.13.O.13C	5.009219817062709
11713.4.O.4F	0.3361874817443035
11713.13.O.13D	1.1750507073755545
11713.25.O.25G	1.4869484633988763
11713.20.F.20E	0.15108412634586613
11713.18.F.18D	0.09219696951740576
11713.5.F.5B	0.009383864150778435
11713.13.S.13E	3.204221230151788
11713.25.S.25F	0.3399347947031327
11713.1.S.1D	1.8652518190030325
11713.10.O.10A	5.026011627726562
11713.11.F.11B	4.262183970622826
11713.22.S.22B	3.696719096493165
11713.14.S.14A	3.7776098715672495
11713.8.S.8C	0.06566761775085843
11713.17.S.17D	0.6691831781515165
11713.3.F.3D	0.14628638632346894
11713.17.S.17C	3.1132381049485294
11713.17.O.17B	5.3393431653454115
11713.8.S.8D	0.028148819519370483
11713.22.S.22E	0.009383864150778435
11713.22.O.22D	1.5112442552272518
11713.4.S.4E	0.8159461634763283
11713.11.O.11A	5.027521269017338
11713.12.O.12D	0.009383864150778435
11713.4.F.4F	1.5280378826863097
11713.17.F.17F	4.603001585310282
11713.12.S.12E	2.865534750920955
11713.5.O.5E	0.3379520521114328
11713.12.S.12B	0.3995540436012749
11713.21.F.21B	-0.0
11713.17.F.17A	5.356614618605624
11713.12.O.12C	-0.0
11713.1.O.1G	1.657471191444526
11713.4.S.4B	5.2429239455360745
11713.10.S.10A	4.357777719990712
11713.15.F.15B	4.386192176818858
11713.1.S.1E	0.7185380420059322
11713.13.S.13D	0.8867687965233431
11713.25.S.25G	1.1630924519052128
11713.5.F.5C	0.04531007270182789
11713.20.F.20D	0.15005395268073382
11713.13.O.13E	4.449889827599849
11713.25.O.25F	4.022154938653608
11713.13.O.13B	4.421650261266437
11713.1.F.1A	4.7658756884642175
11713.5.F.5D	1.0364342761578915
11713.18.F.18B	0.046910072701827885
11713.13.S.13C	1.147802430659853
11713.15.O.15A	4.913161079072976
11713.10.F.10C	5.302397191251422
11713.18.O.18F	0.4197833696762284
11713.20.S.20F	0.17341314854692338
11713.16.S.16E	0.20658658160352464
11713.3.O.3E	2.3820787960097047
11713.25.F.25E	0.06722154475830686
11713.18.S.18G	0.6323648619413
11713.20.O.20G	0.30129902691880583
11713.16.O.16D	5.039474136722456
11713.25.F.25B	1.0048888895154997
11713.13.F.13A	5.015172165493789
11713.3.O.3B	5.613169074383476
11713.16.S.16B	4.698268409439186
11713.10.F.10D	0.052485399113742996
11713.15.O.15F	0.5542664562312328
11713.15.S.15G	0.5297841277147897
